序號,機構類別,區域,機構名稱,"是否加入準公共化服務合作
(契約效期至116.07.31)","最近ㄧ次
評鑑結果","平均月費
(元)",負責人,設立日期,立案樓層,"機構面積
(平方公尺)","核定
床位數",地址,聯絡電話
1,私立,桃園市八德區,桃園市私立喜美斯希望托嬰中心,是,甲(114),"20,790",陳妍貞,101.10.23,2樓,240.42,45,桃園市八德區大勇里忠勇五街22號2樓,03-3752726
2,私立,桃園市八德區,桃園市私立維尼熊托嬰中心,是,乙(112),"21,000",徐家芸,107.03.09,1樓,137.03,39,桃園市八德區大宏里13鄰大明街2號1樓,03-3711788
3,私立,桃園市八德區,桃園市私立依仕倫托嬰中心,是,優(112),"21,000",游佳靜,107.12.27,2樓,477.33,100,桃園市八德區大勇里35鄰忠勇五街2號2樓,03-3635330
4,私立,桃園市八德區,桃園市私立欣妍寶寶托嬰中心,是,乙(112),"21,000",莊美惠,109.12.11,1-2樓,101.54,29,桃園市八德區大和里43鄰金和路105號1-2樓,03-3668871
5,私立,桃園市八德區,桃園市私立蜂?托嬰中心,是,甲(113),"21,000",徐家芸,110.01.18,1-3樓,298.8,60,桃園市八德區福興里9鄰豐田七街31號1-3樓,03-3732077
6,私立,桃園市八德區,桃園市私立小腳印托嬰中心,是,尚未評鑑,"21,000",林璟詒,112.06.26,1樓,117.92,32,桃園市八德區興中里4鄰豐德路586號1樓,03-3681415
7,私立,桃園市八德區,桃園市私立貝格爾八德托嬰中心,是,尚未評鑑,"21,000",游昌豪,113.01.30,1樓,151.28,35,桃園市八德區瑞豐里26鄰豐德路248號1樓,03-3682210
8,私立,桃園市八德區,桃園市私立幼貝兒托嬰中心,是,尚未評鑑,"21,000",游青鈺,113.03.22,1樓,69.25,19,桃園市八德區瑞德里28鄰豐德路382號1樓,03-3686548
9,私立,桃園市八德區,桃園市私立手把手托嬰中心,是,尚未評鑑,"21,000",張佳容,114.04.22,1樓,118.19,33,桃園市八德區瑞豐里26鄰豐德路308號1樓,03-3688850
10,私立,桃園市八德區,桃園市私立樂優貝托嬰中心,是,尚未評鑑,"21,000",黃紓緹,114.05.07,1樓,108.64,31,桃園市八德區福德里3鄰廣興二路87號1樓,03-3688862
11,私立,桃園市八德區,桃園市私立小腳印茁壯托嬰中心,是,尚未評鑑,"21,000",林璟詒,114.09.01,1樓,99.07,28,桃園市八德區興中里4鄰建德路102號1樓,03-3681415
12,私立,桃園市八德區,桃園市私立虹橋寶貝托嬰中心,是,尚未評鑑,"21,000",陳珮婕,114.09.24,3樓,263.43,75,桃園市八德區竹園里1鄰長興路666號3樓,03-3659161
13,私立,桃園市大園區,桃園市私立童心托嬰中心,是,乙(112),"21,000",陳紘璿,109.07.28,1-2樓,122.62,35,桃園市大園區橫峰里致祥三街38號1-2樓,03-2871828
14,私立,桃園市大園區,桃園市私立貝格爾青埔托嬰中心,是,乙(113),"20,900",袁桂英,110.03.23,1-2樓,193.77,46,桃園市大園區橫峰里38鄰青峰路二段170號1-2樓,03-2875836
15,私立,桃園市大園區,桃園市私立康斯迪托嬰中心,是,甲(114),"20,900",黎宇真,111.04.27,1樓,292.34,87,桃園市大園區青峰里3鄰中山南路二段663號1樓,03-2873283
16,私立,桃園市大園區,桃園市私立郝老師托嬰中心,是,尚未評鑑,"20,500",杜麗雯,112.06.17,1-2樓,136.1,38,桃園市大園區橫峰里39鄰致祥三街46號1-2樓,03-2873904
17,私立,桃園市大園區,桃園市私立貝比加青埔托嬰中心,是,尚未評鑑,"20,000",陳耀淯,112.08.15,1-2樓,210.55,60,桃園市大園區橫峰里38鄰青峰路二段245號1-2樓,03-3818555
18,私立,桃園市大園區,桃園市私立逗樂蒙特梭利托嬰中心,否,尚未評鑑,"29,500",簡維宏,112.10.26,1-2樓,353.5,100,桃園市大園區青山里9鄰新生路四段265號1-2樓,03-2727732
19,私立,桃園市大園區,桃園市私立有好托嬰中心,是,尚未評鑑,"21,000",謝翔宇,113.08.15,1-2樓,193.31,45,桃園市大園區青峰里15鄰領航南路四段225號1-2樓,03-3818507
20,私立,桃園市中壢區,桃園市私立堤沃莉托嬰中心,是,甲(114),"21,000",林昕暐,101.01.10,1-2樓,285.86,65,桃園市中壢區文化里21鄰吉林路68-7號2樓及68-8號2樓,03-4331683
21,私立,桃園市中壢區,桃園市私立新自強種子托嬰中心,否,優(113),"19,000",徐茂山,101.09.25,1樓,89.892,15,桃園市中壢區自治里強國路11巷5號1樓,03-4550716
22,私立,桃園市中壢區,桃園市私立福星寶貝托嬰中心,是,優(114),"21,000",黃素鶯,101.10.02,1樓,292.83,64,桃園市中壢區幸福里25鄰福星五街22、24號1樓,03-4521045
23,私立,桃園市中壢區,桃園市私立幸福種子托嬰中心,是,甲(114),"20,475",彭千慧,103.04.15,1-2樓,132.38,45,桃園市中壢區華愛里華勛街107號1-2樓,03-4560850
24,私立,桃園市中壢區,桃園市私立小豆苗托嬰中心,是,甲(114),"20,600",孫曉燕,101.11.13,1樓,158.22,43,桃園市中壢區中興里榮安十三街274-2號1樓,03-4351184
25,私立,桃園市中壢區,桃園市私立百合精緻托嬰中心,是,甲(114),"20,350",呂秋燕,102.06.27,1-2樓,185.62,10,桃園市中壢區信義里廣州路128號1-2樓、130號1樓,03-4685958
26,私立,桃園市中壢區,桃園市私立美麗托嬰中心,是,甲(114),"20,940",許景旗,98.03.31,1-2樓,261.62,38,桃園市中壢區永福里南園二路1巷18弄39號1-2樓、57巷21號1-2樓,03-4622636
27,私立,桃園市中壢區,桃園市私立心寶貝托嬰中心,是,甲(114),"21,000",曾詩媛,101.03.27,1樓,87.4,19,桃園市中壢區普義里25鄰八德路51號1樓,03-4535900
28,私立,桃園市中壢區,桃園市私立昱誠托嬰中心,113年12月31日本局依準公共化要點第8點第1項第13款予以終止契約,"丙(113)
114年複評通過","17,693",黃瑋淨,101.10.08,2樓,192,30,桃園市中壢區文化里21鄰長春二路82號2樓,03-4334333
29,私立,桃園市中壢區,桃園市私立安琪兒托嬰中心,是,優(114),"21,000",鍾秀鳳,101.11.13,1-3樓,409.51,68,桃園市中壢區三民里環西路二段255號1-3樓,03-4918196
30,私立,桃園市中壢區,桃園市私立貝比加托嬰中心,是,乙(113),"21,000",陳耀淯,102.09.16,2樓,157.5,45,桃園市中壢區幸福里福州一街102號2樓,03-4355686
31,私立,桃園市中壢區,桃園市私立喜美斯寶貝托嬰中心,是,優(114),"20,592",陳妍貞,103.09.30,1樓,356.13,76,桃園市中壢區至善里21鄰後寮一路169號,03-4661816
32,私立,桃園市中壢區,桃園市私立晴天小屋托嬰中心,是,甲(114),"21,000",王雯薇,103.10.01,1-3樓,248.64,41,桃園市中壢區中原里9鄰文化路71號1-3樓,03-4627267
33,私立,桃園市中壢區,桃園市私立芯悅托嬰中心,是,優(114),"21,000",劉淑茹,104.08.11,1-3樓,192.26,60,桃園市中壢區光明里15鄰義民路2段25巷1號1-3樓,03-4013737
34,私立,桃園市中壢區,桃園市私立米菲蒙特梭利托嬰中心,是,甲(113),"20,341",張簡志穎,104.12.31,1樓,72.27,17,桃園市中壢區復華里19鄰復華街186巷53-1號,03-4631314
35,私立,桃園市中壢區,桃園市私立勁寶兒心愛托嬰中心,是,優(114),"21,000",柯阿甘,105.04.21,1-3樓,293.76,50,桃園市中壢區光明里17鄰民權路159號1-3樓,03-4931434
36,私立,桃園市中壢區,桃園市私立樂寶托嬰中心,是,乙(113),"21,000",卓玉蓮,105.07.20,1-2樓,225.27,45,桃園市中壢區過嶺里民族路六段198號1-2樓,03-4205590
37,私立,桃園市中壢區,桃園市私立勁承托嬰中心,是,優(112),"21,000",張荁媗,106.08.03,3樓,318.28,65,桃園市中壢區復興里18鄰復華街212號3樓及自強六路53號3樓,03-4526767
38,私立,桃園市中壢區,桃園市私立長堤托嬰中心,是,甲(112),"20,900",徐明蔚,106.08.18,1-2樓,124.78,35,桃園市中壢區普義里4鄰普義路173號1-2樓,03-4511584
39,私立,桃園市中壢區,桃園市私立幸福蒙特梭利托嬰中心,是,優(112),"20,837",陳正偉,106.12.29,1樓,98.18,28,桃園市中壢區復興里7鄰長樂五街32號1樓,03-4621058
40,私立,桃園市中壢區,桃園市私立桃樂比托嬰中心,是,優(112),"21,000",林昕暐,107.09.26,1-2樓,325.15,110,桃園市中壢區洽溪里文智路155號1-2樓,03-2873737
41,私立,桃園市中壢區,桃園市私立家碩托嬰中心,108年9月30日本局依準公共化要點第8點第1項第9款予以終止契約,"丙(113)
114年複評通過","19,000",李慧華,108.01.24,3樓,73.35,20,桃園市中壢區光明里三光路86號3樓,03-4913045
42,私立,桃園市中壢區,桃園市私立亞米哥托嬰中心,是,乙(112),"21,000",張世宏,108.05.07,2樓,99.91,28,桃園市中壢區光明里中央西路二段65號2樓,03-4016563
43,私立,桃園市中壢區,桃園市私立小星星托嬰中心,是,甲(112),"21,000",黃素鶯,109.03.30,1-2樓,109.88,31,桃園市中壢區幸福里福壽一街75號1-2樓、福壽二街36號1-2樓,03-4536255
44,私立,桃園市中壢區,桃園市私立蕎俐安托嬰中心,是,甲(113),"21,000",?郁旋,110.10.05,1層、夾層、2層,380.86,90,桃園市中壢區青埔里18鄰高鐵站前東路二段112及116號,03-2873385
45,私立,桃園市中壢區,桃園市私立聯合托嬰中心,是,甲(113),"20,900",歐陽媛,110.12.14,1-3樓,520.65,80,桃園市中壢區永福里11鄰中園路421號1-3樓,03-4333552
46,私立,桃園市中壢區,桃園市私立寶可夢托嬰中心,是,優(114),"21,000",陳欣儀,111.06.01,1-2樓,238,60,桃園市中壢區龍昌里26鄰後寮一路359號1-2樓,03-2830123
47,私立,桃園市中壢區,桃園市私立立暘樂寶托嬰中心,是,優(114),"21,000",葛秋月,111.12.14,1樓,247.875,59,桃園市中壢區忠福里38鄰南園二路296巷21弄2、6、8號1樓,03-4332766
48,私立,桃園市中壢區,桃園市私立勁承中園館托嬰中心,是,尚未評鑑,"21,000",張荁媗,112.01.13,3樓,333.43,57,桃園市中壢區仁義里18鄰中園路121號3樓,03-4511122
49,私立,桃園市中壢區,桃園市私立奧爾寶貝托嬰中心,是,尚未評鑑,"20,500",羅以凌,112.06.09,1樓,327.57,59,桃園市中壢區過嶺里1鄰雙福路145-2號1樓,03-4901008
50,私立,桃園市中壢區,桃園市私立哆寶樂菲托嬰中心,是,尚未評鑑,"21,000",楊遵隆,112.11.08,1樓,215.4,45,桃園市中壢區青溪里5鄰永發路47號1樓,03-2877600
51,私立,桃園市中壢區,桃園市私立金培恩青埔托嬰中心,是,尚未評鑑,"20,500",林鴻昌,113.01.11,1樓,232.97,46,桃園市中壢區芝芭里1鄰領航南路一段186號1樓,03-2805350
52,私立,桃園市中壢區,桃園市私立快樂寶貝托嬰中心,是,尚未評鑑,"21,000",楊遵隆,113.01.11,1樓,228.07,43,桃園市中壢區興和里15鄰環北路161號1樓,03-4341168
53,私立,桃園市中壢區,桃園市私立和風煦煦托嬰中心,是,尚未評鑑,"21,000",王美蘭,113.04.03,1樓,249.76,60,桃園市中壢區過嶺里21鄰松仁路215號1樓及松義路179號1樓,03-4206818
54,私立,桃園市中壢區,桃園市私立芯悅夢想托嬰中心,是,尚未評鑑,"21,000",林銘泉,113.06.13,1-2樓,365.63,73,桃園市中壢區過嶺里22鄰松義路86、88號1-2樓,03-4906088
55,私立,桃園市中壢區,桃園市私立幸福種子二號園托嬰中心,是,尚未評鑑,"21,000",陳奕丞,114.01.17,1-2樓,254.38,75,桃園市中壢區後寮里26鄰後興路一段90巷38-1號1-2樓,03-4378376
56,私立,桃園市中壢區,桃園市私立貝格爾美術托嬰中心,是,尚未評鑑,"21,000",李耘慧,114.02.19,1-2樓,286.8,64,桃園市中壢區青溪里4鄰高鐵南路一段376號1、2樓,03-2870172
57,私立,桃園市中壢區,桃園市私立企鵝家族國際托嬰中心,是,尚未評鑑,"21,000",鍾炘,114.05.05,1-2樓,113.6,34,桃園市中壢區自信里13鄰自立三街40巷1號1-2樓,03-4639880
58,私立,桃園市平鎮區,桃園市私立陽光玫瑰托嬰中心,是,甲(114),"20,790",廖一凡,103.10.13,2樓,218.76,47,桃園市平鎮區新富里35鄰環南路二段265號2樓之1,03-2842345
59,私立,桃園市平鎮區,桃園市私立睿比托嬰中心,是,甲(113),"19,530",羅翊翎,105.08.22,2-3樓,107.62,30,桃園市平鎮區廣達里4鄰廣平街58-1號2-3樓,03-4926028
60,私立,桃園市平鎮區,桃園市私立貝貝托嬰中心,是,甲(114),"21,000",林秀美,105.08.22,1樓,86.33,18,桃園市平鎮區金星里25鄰大連街45號1樓,03-4030071
61,私立,桃園市平鎮區,桃園市私立丹尼斯托嬰中心,是,甲(114),"20,790",曾子雲,108.10.25,1樓,121.02,34,桃園市平鎮區金星里大連街49號1樓,03-4395199
62,私立,桃園市平鎮區,桃園市私立沐森托嬰中心,是,優(113),"21,000",劉鏡潔,110.11.19,1樓,296.76,50,桃園市平鎮區北華里6鄰振平街88號1樓,03-4686860
63,私立,桃園市平鎮區,桃園市私立叡恩托嬰中心,是,尚未評鑑,"21,000",羅玉珠,112.08.03,1樓,250.91,50,桃園市平鎮區新勢里5鄰中豐路14號1樓.18號1樓,03-4916060
64,私立,桃園市平鎮區,桃園市私立米樂迪托嬰中心,是,尚未評鑑,"21,000",?兆民,113.08.28,1-2樓,384.47,84,桃園市平鎮區新英里1鄰新富街99號1-2樓,03-4590088
65,私立,桃園市平鎮區,桃園市私立木木托嬰中心,是,尚未評鑑,"21,000",劉鏡潔,114.12.09,1樓,82.6,23,桃園市平鎮區北華里6鄰振平街82號1樓及夾層,03-4686822
66,私立,桃園市平鎮區,桃園市私立和風向陽托嬰中心,否,尚未評鑑,"21,000",錢亞萱,114.12.09,1-2樓,227.58,65,桃園市平鎮區平安里25鄰南平路50號1-2樓,03-4391223
67,私立,桃園市平鎮區,桃園市私立晨馨托嬰中心,否,尚未評鑑,"20,000",楊馥薇,115.01.05,1-2樓,363.2,88,桃園市平鎮區金陵里18鄰環南路三段137號1-2樓,03-4589399
68,私立,桃園市桃園區,桃園市私立熊寶堡托嬰中心,113年12月31日本局依準公共化要點第8點第1項第13款予以終止契約,"丁(113)
114年複評通過","17,757",鄭羽珊,93.11.12,1-2樓,182,30,桃園市桃園區瑞慶里13鄰瑞慶路389號1-2樓,03-3010685
69,私立,桃園市桃園區,桃園市私立御禾托嬰中心,是,優(114),"21,000",王宜蘋,101.11.13,2樓,193,19,桃園市桃園區中寧里16鄰大興西路二段55號2樓,03-3025188
70,私立,桃園市桃園區,桃園市私立寶貝托嬰中心,是,乙(112),"20,374",童家和,92.07.22,1樓,148.33,30,桃園市桃園區大有里3鄰大有路560號2樓,03-3268443
71,私立,桃園市桃園區,桃園市私立金向日葵托嬰中心,是,甲(114),"21,000",張鳳,101.11.21,1樓,115.06,20,桃園市桃園區中山里10鄰宏昌十二街175號,03-2200782
72,私立,桃園市桃園區,桃園市私立小哈力托嬰中心,是,甲(114),"20,900",王檍厤,101.11.30,2樓,161.28,35,桃園市桃園區泰山里4鄰中山路505號2樓之1,03-3359035
73,私立,桃園市桃園區,桃園市私立新發現托嬰中心,是,甲(114),"20,281",沈靜修,101.12.18,1樓,66.22,13,桃園市桃園區中山里11鄰泰昌十一街21、23號1樓,03-2206855
74,私立,桃園市桃園區,桃園市私立喜美斯托嬰中心,是,甲(113),"20,295",陳妍貞,94.12.07,1樓,244.55,47,桃園市桃園區福林里9鄰陽明11街1號1樓、12街23號1樓及12街25號1樓,03-2184678
75,私立,桃園市桃園區,桃園市私立國際長頸鹿托嬰中心,是,甲(114),"21,000",陳燕輝,102.12.18,1樓,158.57,10,桃園市桃園區中泰里13鄰宏昌八街71號1樓及81號1樓,03-3703123
76,私立,桃園市桃園區,桃園市私立璦瑪懷恩托嬰中心,是,優(114),"20,837",楊德玲,103.07.31,1-3樓,267.52,52,桃園市桃園區寶安里25鄰南平路466號1-3樓,03-3568180
77,私立,桃園市桃園區,桃園市私立佳佳托嬰中心,是,乙(113),"21,000",李佳芸,103.10.03,1樓,118.77,28,桃園市桃園區中聖里16鄰國鼎一街25號1樓之3,03-3609230
78,私立,桃園市桃園區,桃園市私立立暘樂福托嬰中心,是,甲(113),"20,183",葛思正,104.01.30,1-2樓,200.73,30,桃園市桃園區瑞慶里3鄰明德街13巷4號1-2樓,03-3413419
79,私立,桃園市桃園區,桃園市私立喜美斯快樂托嬰中心,是,甲(114),"20,592",陳妍貞,104.08.19,1樓,187.79,40,桃園市桃園區大林里16鄰榮華街63巷17、19號1樓,03-2180215
80,私立,桃園市桃園區,桃園市私立富寶貝專業托嬰中心,是,乙(113),"21,000",蕭湘淩,104.12.23,1樓,161.06,33,桃園市桃園區寶山里10鄰雙峰路163號1樓及163-1號1樓,03-3583008
81,私立,桃園市桃園區,桃園市私立喜美斯幸福托嬰中心,是,乙(112),"20,295",陳妍貞,106.07.06,1-2樓,169.82,48,桃園市桃園區中德里22鄰桃德路2號及4號1-2樓,03-2181078
82,私立,桃園市桃園區,桃園市私立安貝斯托嬰中心,是,優(112),"20,948",范國懋,106.10.25,1-2樓,108.64,31,桃園市桃園區莊敬里13鄰同德十一街33號1-2樓,03-3560991
83,私立,桃園市桃園區,桃園市私立金寶寶托嬰中心,是,乙(112),"20,500",張鳳,107.04.13,1樓,267.65,60,桃園市桃園區中山里17鄰宏昌三街32號1樓,03-2207929
84,私立,桃園市桃園區,桃園市私立小英倫國際托嬰中心,是,甲(112),"21,000",徐潔馨,107.10.30,1-3樓,244.25,82,桃園市桃園區同安里9鄰同安街395、397號1-3樓,03-3568276
85,私立,桃園市桃園區,桃園市私立桃園館愛媽咪托嬰中心,是,乙(112),"20,790",廖翌涵,108.01.23,1樓,180.36,40,桃園市桃園區寶慶里8鄰寶慶路152號1樓,03-2151688
86,私立,桃園市桃園區,桃園市私立寶慶托嬰中心,是,乙(114),"18,000",張進偉,108.01.24,1-2樓,118.73,26,桃園市桃園區瑞慶里5鄰寶慶路498號1-2樓,03-3019181
87,私立,桃園市桃園區,桃園市私立欣田托嬰中心,是,乙(112),"20,143",李毓娟,108.07.03,1-2樓,137.06,43,桃園市桃園區福林里19鄰樹仁三街582號1-2樓,03-3662369
88,私立,桃園市桃園區,桃園市私立凱爾葳托嬰中心,是,乙(112),"20,500",劉惠玲,109.07.20,2樓,191.09,40,桃園市桃園區大有里5鄰大有路506之1號、506號2樓,03-3460036
89,私立,桃園市桃園區,桃園市私立陽光森林托嬰中心,是,甲(112),"21,000",廖亞凡,109.12.02,1-3樓,241.62,55,桃園市桃園區南埔里10鄰蓮埔街145號1-3樓,03-3023185
90,私立,桃園市桃園區,桃園市台煒有限公司附設私立台煒托嬰中心,是,優(113),"20,900",陳正偉,110.04.12,1樓,224.43,64,桃園市桃園區中德里8鄰國際路一段136號1樓,03-3765968
91,私立,桃園市桃園區,桃園市私立小英倫國際森林館托嬰中心,是,甲(113),"21,000",徐潔馨,110.09.08,1-2樓,183.33,76,桃園市桃園區成功里2鄰中山東路58、60號1-2樓,03-3351139
92,私立,桃園市桃園區,桃園市私立采舍托嬰中心,是,甲(113),"21,000",楊書婷,110.09.27,1樓,136.88,31,桃園市桃園區中正里23鄰正光路86巷23、25號1樓,03-3475340
93,私立,桃園市桃園區,桃園市私立貝格爾托嬰中心,111年8月18日本局依準公共化要點第8點第1項第1款及第9款予以終止契約,乙(113),"19,000",洪敘峰,110.12.23,1樓,280.23,67,桃園市桃園區中正里22鄰正光路201號1樓,03-3609337
94,私立,桃園市桃園區,桃園市私立風禾日光托嬰中心,否,乙(114),"26,333",林欣儒,111.05.04,1樓,199.4,40,桃園市桃園區中成里6鄰慈文路666-1號1樓,03-2160867
95,私立,桃園市桃園區,桃園市私立小英倫國際幸福館托嬰中心,是,優(114),"21,000",徐潔馨,111.07.21,1-2樓,359.54,80,桃園市桃園區汴洲里34鄰幸福路316號1-2樓,03-3565628
96,私立,桃園市桃園區,桃園市私立安貝斯禾悅托嬰中心,是,尚未評鑑,"21,000",范國懋,112.01.18,2樓,247.6,70,桃園市桃園區瑞慶里15鄰中正路1357.1359號2樓,03-3170991
97,私立,桃園市桃園區,桃園市私立凱德寶托嬰中心,是,尚未評鑑,"21,000",廖慧群,112.05.19,2樓,280.77,65,桃園市桃園區龍鳳里9鄰龍安街119號2樓,03-3690190
98,私立,桃園市桃園區,桃園市私立言嬡專業托嬰中心,是,尚未評鑑,"21,000",葉玉婷,112.08.15,1-1樓夾層,60.38,17,桃園市桃園區青溪里16鄰青溪一路128巷1號1樓及1樓夾層,03-3475755
99,私立,桃園市桃園區,桃園市私立心辰托嬰中心,是,尚未評鑑,"21,000",陳芯蘊,112.12.29,1樓,157.41,52,桃園市桃園區文中里22鄰正光二街168號1樓,03-3709025
100,私立,桃園市桃園區,桃園市私立靚寶貝托嬰中心,是,尚未評鑑,"20,500",林汶靚,113.02.01,1樓,171.32,46,桃園市桃園區春日里16鄰大業路二段62、64、66號1樓,03-3587456
101,私立,桃園市桃園區,桃園市私立采舍親托嬰中心,是,尚未評鑑,"21,000",楊書婷,113.03.26,1-2樓,267.33,50,桃園市桃園區中正里7鄰守法路19-5號1-2樓,03-3318030
102,私立,桃園市桃園區,桃園市私立妮卡托嬰中心,是,尚未評鑑,"21,000",彭嘉豪,113.04.12,1-3樓,198.99,34,桃園市桃園區莊敬里11鄰同德11街7號1-3樓,03-3589105
103,私立,桃園市桃園區,桃園市私立滿福寶托嬰中心,是,尚未評鑑,"21,000",陳倩婷,113.07.19,1-2樓,176.26,36,桃園市桃園區中興里3鄰中福街58號1-2樓,03-3358141
104,私立,桃園市桃園區,桃園市私立幸福貝比托嬰中心,是,尚未評鑑,"21,000",鄭芸茜,113.07.30,1樓,156.8,35,桃園市桃園區中山里5鄰中平路172、176、178號1樓,03-2288218
105,私立,桃園市桃園區,桃園市私立園一托嬰中心,是,尚未評鑑,"21,000",楊遵隆,113.08.20,1樓,397,47,桃園市桃園區成功里13鄰園一街33號1樓,03-3387928
106,私立,桃園市桃園區,桃園市私立凱吉米托嬰中心,是,尚未評鑑,"21,000",周紅玉,114.02.08,1-2樓,179.64,36,桃園市桃園區同安里19鄰同安街41號1-2樓,03-3564960
107,私立,桃園市桃園區,桃園市私立貝格爾藝文托嬰中心,是,尚未評鑑,"21,000",楊詠媜,114.02.10,1-1樓夾層,195.7,43,桃園市桃園區同德里15鄰中埔一街88巷76號1樓及夾層,03-3021771
108,私立,桃園市桃園區,桃園市私立好日子托嬰中心,是,尚未評鑑,"21,000",楊忠諺,114.04.08,1-2樓,208.16,42,桃園市桃園區中興里33鄰民安路69號1-2樓,03-3369869
109,私立,桃園市桃園區,桃園市私立畝樂托嬰中心,是,尚未評鑑,"21,000",吳怡萱,114.09.08,1-2樓,158.36,30,桃園市桃園區中成里14鄰慈文路536號,03-3010958
110,私立,桃園市桃園區,桃園市私立喜堡托嬰中心,是,尚未評鑑,"21,000",陳羿卉,114.10.21,1-3樓,175.39,35,桃園市桃園區中路里7鄰延壽街121之7號1-3樓,03-3693708
111,私立,桃園市桃園區,桃園市私立貝比加成功托嬰中心,是,尚未評鑑,"21,000",陳耀淯,114.11.13,3樓,316.51,72,桃園市桃園區東門里9鄰成功路二段69、71、73號3樓,03-3312666
112,私立,桃園市桃園區,桃園市私立水之森托嬰中心,否,尚未評鑑,"21,000",洪惠琪,114.12.08,1-3樓,139.31,24,桃園市桃園區龍鳳里27鄰國豐六街64號1-3樓,03-3605688
113,私立,桃園市楊梅區,桃園市私立瑞梅蒙氏托嬰中心,112年4月30日本局依準公共化要點第8點第1項第9款予以終止契約,"丙(113)
114年複評通過","19,950",吳知羲,101.12.17,1-3樓,222.33,35,桃園市楊梅區梅溪里20鄰中山北路2段210號1-3樓,03-4820660
114,私立,桃園市楊梅區,桃園市私立立暘托嬰中心,113年6月30日本局依準公共化要點第8點第1項第8款予以終止契約,優(114),"18,900",葛秋月,104.04.07,1樓,103.2,18,桃園市楊梅區光華里26鄰文化街189巷51號1樓,03-4311777
115,私立,桃園市楊梅區,桃園市私立茉莉托嬰中心,是,優(112),"20,837",范瑞容,107.01.16,1-3樓,446.66,91,桃園市楊梅區光華里20鄰五守街27號1-3樓,03-4815565
116,私立,桃園市楊梅區,桃園市私立立暘寶寶托嬰中心,是,甲(112),"21,000",葛秋月,109.02.14,2-3樓,194.02,55,桃園市楊梅區四維里2鄰文化街202號2-3樓,03-4317555
117,私立,桃園市楊梅區,桃園市私立立暘華府托嬰中心,是,乙(112),"20,500",葛秋月,109.07.23,1樓,174.94,49,桃園市楊梅區四維里11鄰永美路371巷28號1樓,03-4812616
118,私立,桃園市楊梅區,桃園市私立樂堡兒托嬰中心,是,優(113),"20,900",邱羿翔,110.11.10,3樓,185.93,37,桃園市楊梅區楊梅里30鄰金德路51號3樓,03-4785668
119,私立,桃園市楊梅區,桃園市私立諾貝兒托嬰中心,是,尚未評鑑,"21,000",楊玉華,114.02.10,1樓,125.98,30,桃園市楊梅區梅溪里21鄰新農街二段182號1樓,03-4826565
120,私立,桃園市楊梅區,桃園市私立芯可夢托嬰中心,是,尚未評鑑,"21,000",林宜雯,114.04.22,1-2樓,401.02,72,桃園市楊梅區永平里1鄰永美路367巷57之1號1-2樓,03-4810357
121,私立,桃園市龍潭區,桃園市私立貝拉托嬰中心,是,甲(112),"21,000",黃千芸,107.03.13,1-3樓,146.16,41,桃園市龍潭區中正里14鄰中正路242巷1號1-3樓,03-4808866
122,私立,桃園市龍潭區,桃園市私立頂尖托嬰中心,是,甲(113),"21,000",范國華,110.04.01,1-2樓,145.039,32,桃園市龍潭區龍祥里16鄰干城路196巷6號,03-4803895
123,私立,桃園市龍潭區,桃園市私立朵拉托嬰中心,是,優(114),"21,000",黃千芸,111.07.07,1樓,107.23,30,桃園市龍潭區凌雲里21鄰聖亭路132、132-1號1樓,03-4801919
124,私立,桃園市龍潭區,桃園市私立百年正恩托嬰中心,是,尚未評鑑,"20,000",吳嫦娥,112.10.27,2樓,311.41,43,桃園市龍潭區百年里8鄰百年三街31號1樓,03-4801897
125,私立,桃園市龍潭區,桃園市私立頂尖康嘩托嬰中心,是,尚未評鑑,"21,000",范國華,113.03.25,3樓,208.39,52,桃園市龍潭區中興里19鄰中興路396-22號3樓,03-4799866
126,私立,桃園市龍潭區,桃園市私立和風四季托嬰中心,是,尚未評鑑,"21,000",錢亞萱,113.08.23,1-2樓,287.3,65,桃園市龍潭區中山里35鄰大昌路一段6號1樓及1樓夾層、8號1樓,03-4800448
127,私立,桃園市龜山區,桃園市私立長庚醫療財團法人林口長庚紀念醫院附設托嬰中心,是,甲(114),"16,427",陳建宗,101.11.07,1樓,557.69,80,桃園市龜山區長庚里長庚村11鄰長庚醫護新村77號1樓,03-3289281
128,私立,桃園市龜山區,桃園市私立安德笙托嬰中心,是,甲(114),"20,900",侯建煌,104.10.27,1-2樓,154.76,59,桃園市龜山區文化里16鄰文化三路373號1樓及1樓夾層,03-3279229
129,私立,桃園市龜山區,桃園市私立米其林托嬰中心,是,甲(112),"21,000",張美貞,107.11.07,1-2樓,158.76,45,桃園市龜山區文青里5鄰文青路223號1-2樓,03-3973060
130,私立,桃園市龜山區,桃園市私立寶心樂善園托嬰中心,是,甲(112),"21,000",吳欣怡,108.01.15,1樓,91.66,25,桃園市龜山區樂善里23鄰文德二路106號1樓,03-2712132
131,私立,桃園市龜山區,桃園市私立蘊愛托嬰中心,是,乙(113),"21,000",李蘊妃,108.11.29,1-2樓,241.88,58,桃園市龜山區文青里30鄰文學路263號1-2樓,03-3187138
132,私立,桃園市龜山區,桃園市私立中旭園托嬰中心,是,甲(114),"20,520",黃鈺婷,111.01.20,1樓,204.84,49,桃園市龜山區陸光里6鄰自強西路226、228號1樓,03-2133389
133,私立,桃園市龜山區,桃園市私立幸福日光華亞托嬰中心,否,甲(114),"25,000",楊雅如,111.08.09,2樓,148.31,30,桃園市龜山區樂善里1鄰華亞三路39巷23號2樓,03-3281555
134,私立,桃園市龜山區,桃園市私立艾兒思特托嬰中心,是,甲(114),"21,000",李蘊妃,111.12.07,1-2樓,90.25,25,桃園市龜山區樂善里1鄰樂善二路213號1-2樓,03-3970099
135,私立,桃園市龜山區,桃園市私立童萌國托嬰中心,是,尚未評鑑,"21,000",謝長霖,112.01.31,1-3樓,184.89,38,桃園市龜山區大華里9鄰文化七路74號1-3樓,03-3281618
136,私立,桃園市龜山區,桃園市私立馨園托嬰中心,是,尚未評鑑,"21,000",張美貞,113.09.02,2樓,254.16,70,桃園市龜山區大華里16鄰文化三路388號2樓,03-3979291
137,私立,桃園市龜山區,桃園市私立好好托嬰中心,是,尚未評鑑,"21,000",陳怡甄,113.09.18,3樓,193.28,55,桃園市龜山區公西里14鄰復興一路199號3樓之2,03-3973193
138,私立,桃園市龜山區,桃園市私立童萌國A7托嬰中心,是,尚未評鑑,"21,000",謝長霖,114.01.14,2樓,250.22,71,桃園市龜山區樂善里30鄰文化一路322、328號2樓,03-3281018
139,私立,桃園市龜山區,桃園市私立翔瑞托嬰中心,是,尚未評鑑,"21,000",王心妤,114.01.20,1樓,83.76,23,桃園市龜山區陸光里19鄰陸光路102號1樓,03-2132588
140,私立,桃園市龜山區,桃園市私立小毛毯國際音樂托嬰中心,是,尚未評鑑,"21,000",吳曉玫,114.03.06,3樓,161.63,46,桃園市龜山區樂善里7鄰樂學一路7號3樓,03-3973326
141,私立,桃園市龜山區,桃園市私立宇特托嬰中心,是,尚未評鑑,"21,000",李蘊妃,114.06.06,1-2樓,158.44,45,桃園市龜山區樂善里1鄰樂善二路185、187號1-2樓,03-3978968
142,私立,桃園市龜山區,桃園市私立貝比菲思托嬰中心,是,尚未評鑑,"21,000",吳苡菲,114.08.07,1樓及夾層,102.73,29,桃園市龜山區文化里19鄰華亞三路215號1樓及夾層,03-3280378
143,私立,桃園市蘆竹區,桃園市私立宜禾托嬰中心,是,甲(114),"20,790",楊遵隆,92.09.05,1-3樓,212.12,40,桃園市蘆竹區中山里11鄰中山路167號1-3樓、169號1樓,03-3229169
144,私立,桃園市蘆竹區,桃園市私立育芯園托嬰中心,是,乙(112),"20,195",高銘田,99.10.19,2樓,122.46,34,桃園市蘆竹區錦興里10鄰光明路二段251號2樓,03-2706500
145,私立,桃園市蘆竹區,桃園市私立安娜寶貝托嬰中心,是,甲(114),"21,000",林言伍,101.08.03,2樓,175.02,40,桃園市蘆竹區羊稠里10鄰中山路18之1號2樓,03-2222825
146,私立,桃園市蘆竹區,桃園市私立快樂托嬰中心,是,甲(114),"18,540",陳麗芳,102.05.06,1樓,105.44,20,桃園市蘆竹區錦興里22鄰光復路146號1樓之11,03-3214819
147,私立,桃園市蘆竹區,桃園市私立愛芮絲托嬰中心,是,優(114),"20,950",林昕暐,102.11.28,1-2樓,173.18,35,桃園市蘆竹區南興里2鄰南福街186巷37號1樓及1樓夾層,03-3223049
148,私立,桃園市蘆竹區,桃園市私立璦瑪托嬰中心,停業(自114年8月1日起停業至115年7月31日止),甲(111),"20,837",楊德玲,102.12.23,2樓,211.72,40,桃園市蘆竹區福昌里16鄰奉化路229號2樓之1、2樓之2,03-2221113
149,私立,桃園市蘆竹區,桃園市私立樂芙力托嬰中心,是,優(114),"20,837",詹雪琴,102.12.18,1-2樓,173.78,52,桃園市蘆竹區五福里5鄰福祿一街19巷2號1-2樓,03-3125823
150,私立,桃園市蘆竹區,桃園市私立種籽玫瑰托嬰中心,是,優(114),"20,948",詹雪琴,103.05.29,1-2樓,324.36,64,桃園市蘆竹區順興里1鄰南竹路二段59-1號1-2樓,03-3210179
151,私立,桃園市蘆竹區,桃園市私立小種籽托嬰中心,是,甲(114),"20,790",葉佳銓,103.07.01,1-2樓,218.98,46,桃園市蘆竹區南興里4鄰奉化路66號1樓及68號2樓,03-3117822
152,私立,桃園市蘆竹區,桃園市私立愛佑康托嬰中心,114年8月31日本局依準公共化要點第8點第1項第1款予以終止契約,乙(114),"20,790",戴秀英,103.10.16,1樓,145.08,25,桃園市蘆竹區五福里18鄰中山路125巷22號1樓,03-3122918
153,私立,桃園市蘆竹區,桃園市私立寶貝屋托嬰中心,是,甲(114),"21,000",呂如鵑,104.03.13,1-3樓,498.79,80,桃園市蘆竹區大竹里6鄰新福街121號1-3樓,03-3132820
154,私立,桃園市蘆竹區,桃園市私立南榮媽咪休息站托嬰中心,是,優(114),"21,000",詹雪琴,101.01.30,3樓,273,78,桃園市蘆竹區南崁里7鄰南華一街168號3樓,03-2123727
155,私立,桃園市蘆竹區,桃園市私立健寶托嬰中心,是,甲(114),"20,000",劉懿珊,108.01.23,2樓,141.86,40,桃園市蘆竹區興榮里13鄰中正路301號2樓之1,03-3528338
156,私立,桃園市蘆竹區,桃園市私立愛寶托嬰中心,是,甲(112),"21,000",廖慧群,109.01.10,1-2樓,87.53,25,桃園市蘆竹區大竹里16鄰大新一街118巷17號1-2樓,03-3132022
157,私立,桃園市蘆竹區,桃園市私立育芯園二館托嬰中心,是,甲(112),"21,000",高銘田,109.09.04,3樓,149.91,40,桃園市蘆竹區錦興里12鄰光明路二段251號3樓,03-2716540
158,私立,桃園市蘆竹區,桃園市私立恩典托嬰中心,是,乙(114),"20,900",賴雅琇,111.07.20,1樓,218.53,49,桃園市蘆竹區中興里1鄰豪登一街11號1樓,03-3230679
159,私立,桃園市蘆竹區,桃園市私立愛佑康右右托嬰中心,是,尚未評鑑,"20,500",戴秀英,112.06.19,1-3樓,259.21,49,桃園市蘆竹區錦興里12鄰光明路二段257號1-3樓,03-3122818
160,私立,桃園市蘆竹區,桃園市私立春天托嬰中心,是,尚未評鑑,"21,000",劉素瓊,113.01.24,1樓,126.01,27,桃園市蘆竹區南興里5鄰南昌路263號1樓,03-3212133
161,私立,桃園市蘆竹區,桃園市私立童樂熊托嬰中心,是,尚未評鑑,"21,000",潘晏玲,113.02.23,2樓,148.5,28,桃園市蘆竹區中山里7鄰中山路121號2樓,03-2220609
162,私立,桃園市蘆竹區,桃園市私立貝比城堡托嬰中心,是,尚未評鑑,"20,000",鄭芸茜,113.05.30,3樓,241.45,68,桃園市蘆竹區錦中里17鄰南崁路265號3樓,03-3522767
163,私立,桃園市蘆竹區,桃園市私立辰星托嬰中心,114年7月8日本局依準公共化要點第8點第1項第10款予以終止契約,尚未評鑑,"20,000",黃雨涵,113.09.26,1-2樓,181.74,30,桃園市蘆竹區中興里12鄰大興路371號1-2樓,03-3239169
164,私立,桃園市蘆竹區,桃園市私立愛佑康加加托嬰中心,是,尚未評鑑,"21,000",戴秀英,114.09.24,1樓,170.75,38,桃園市蘆竹區羊稠里4鄰仁愛路三段270號1樓及1樓夾層,03-3122819
165,私立,桃園市蘆竹區,桃園市私立愛瑞卡兒托嬰中心,是,尚未評鑑,"21,000",江妤芬,114.11.18,1樓,205.15,40,桃園市蘆竹區南興里4鄰南順七街32巷2號1樓及32巷6號1樓,03-3119296
166,私立,桃園市觀音區,桃園市私立心茵托嬰中心,是,甲(113),"21,000",游心茵,98.02.02,1-3樓,150.74,20,桃園市觀音區草漯村六合二街126號1-3樓,03-4160807
167,私立,桃園市新屋區,桃園市私立貝格爾過嶺托嬰中心,是,尚未評鑑,"21,000",許宥心,114.02.08,3樓,136.72,30,桃園市新屋區頭洲里3鄰民族路六段339號3樓,03-4205123
